Quote_ID,Date_Collected,Source,Vehicle,Vehicle_Variant,Vehicle_Year,Cover_Type,Insurer,Monthly_Premium_ZAR,Excess_ZAR,Status,Notes
1,2026-10-10,Hippo,Toyota Hilux,2.4 GD S P/U S/C,2020,Comprehensive,Absa,,,N/A,No quote returned
2,2026-10-10,Hippo,Toyota Hilux,2.4 GD S P/U S/C,2020,Comprehensive,Auto & General,1833,9100,Quoted,
3,2026-10-10,Hippo,Toyota Hilux,2.4 GD S P/U S/C,2020,Comprehensive,Budget Insurance,1799,9350,Quoted,
4,2026-10-10,Hippo,Toyota Hilux,2.4 GD S P/U S/C,2020,Comprehensive,Dialdirect,1884,9100,Quoted,
5,2026-10-10,Hippo,Toyota Hilux,2.4 GD S P/U S/C,2020,Comprehensive,1st for Women,1865,9100,Quoted,
6,2026-10-10,Hippo,Toyota Hilux,2.4 GD S P/U S/C,2020,Comprehensive,Virseker,2006,9100,Quoted,
7,2026-10-10,Hippo,Toyota Hilux,2.4 GD S P/U S/C,2020,Comprehensive,Iwyze,,,N/A,No quote returned
8,2026-10-10,Hippo,Toyota Hilux,2.4 GD S P/U S/C,2020,Comprehensive,King Price,2622,,Quoted,Excess not recorded
9,2026-10-10,Hippo,Toyota Hilux,2.4 GD S P/U S/C,2020,Comprehensive,Momentum Insure,1558,6000,Quoted,
10,2026-10-10,Hippo,Toyota Hilux,2.4 GD S P/U S/C,2020,Comprehensive,Old Mutual,1557,6200,Quoted,
11,2026-10-10,Hippo,Toyota Hilux,2.4 GD S P/U S/C,2020,"3rd Party, Fire & Theft",Absa,,,N/A,No quote returned
12,2026-10-10,Hippo,Toyota Hilux,2.4 GD S P/U S/C,2020,"3rd Party, Fire & Theft",Auto & General,362,5000,Quoted,
13,2026-10-10,Hippo,Toyota Hilux,2.4 GD S P/U S/C,2020,"3rd Party, Fire & Theft",Budget Insurance,352,5000,Quoted,
14,2026-10-10,Hippo,Toyota Hilux,2.4 GD S P/U S/C,2020,"3rd Party, Fire & Theft",Dialdirect,368,5000,Quoted,
15,2026-10-10,Hippo,Toyota Hilux,2.4 GD S P/U S/C,2020,"3rd Party, Fire & Theft",1st for Women,375,5000,Quoted,
16,2026-10-10,Hippo,Toyota Hilux,2.4 GD S P/U S/C,2020,"3rd Party, Fire & Theft",Virseker,381,5000,Quoted,
17,2026-10-10,Hippo,Toyota Hilux,2.4 GD S P/U S/C,2020,"3rd Party, Fire & Theft",Iwyze,1526,6200,To verify,VERIFY cover type via card arrow; price resembles comprehensive pricing
18,2026-10-10,Hippo,Toyota Hilux,2.4 GD S P/U S/C,2020,"3rd Party, Fire & Theft",King Price,1025,7500,Quoted,
19,2026-10-10,Hippo,Toyota Hilux,2.4 GD S P/U S/C,2020,"3rd Party, Fire & Theft",Momentum Insure,577,6000,Quoted,
20,2026-10-10,Hippo,Toyota Hilux,2.4 GD S P/U S/C,2020,"3rd Party, Fire & Theft",Old Mutual,,,N/A,"Comprehensive only, price unchanged by filter"
21,2026-10-10,Hippo,Toyota Hilux,2.4 GD S P/U S/C,2020,3rd Party Only,Absa,,,N/A,No quote returned
22,2026-10-10,Hippo,Toyota Hilux,2.4 GD S P/U S/C,2020,3rd Party Only,Auto & General,199,5000,Quoted,
23,2026-10-10,Hippo,Toyota Hilux,2.4 GD S P/U S/C,2020,3rd Party Only,Budget Insurance,194,5000,Quoted,
24,2026-10-10,Hippo,Toyota Hilux,2.4 GD S P/U S/C,2020,3rd Party Only,Dialdirect,210,5000,Quoted,
25,2026-10-10,Hippo,Toyota Hilux,2.4 GD S P/U S/C,2020,3rd Party Only,1st for Women,201,5000,Quoted,
26,2026-10-10,Hippo,Toyota Hilux,2.4 GD S P/U S/C,2020,3rd Party Only,Virseker,199,5000,Quoted,
27,2026-10-10,Hippo,Toyota Hilux,2.4 GD S P/U S/C,2020,3rd Party Only,Iwyze,,,N/A,No quote returned
28,2026-10-10,Hippo,Toyota Hilux,2.4 GD S P/U S/C,2020,3rd Party Only,King Price,399,7500,Quoted,
29,2026-10-10,Hippo,Toyota Hilux,2.4 GD S P/U S/C,2020,3rd Party Only,Momentum Insure,,,N/A,No quote returned
30,2026-10-10,Hippo,Toyota Hilux,2.4 GD S P/U S/C,2020,3rd Party Only,Old Mutual,,,N/A,"Comprehensive only, price unchanged by filter"
31,2026-10-09,Hippo,Volkswagen Polo,GP 1.4 Trendline,2020,Comprehensive,Absa,1987,4000,Quoted,
32,2026-10-09,Hippo,Volkswagen Polo,GP 1.4 Trendline,2020,Comprehensive,Auto & General,2029,7950,Quoted,
33,2026-10-09,Hippo,Volkswagen Polo,GP 1.4 Trendline,2020,Comprehensive,Budget Insurance,1992,8200,Quoted,
34,2026-10-09,Hippo,Volkswagen Polo,GP 1.4 Trendline,2020,Comprehensive,Dialdirect,2081,7950,Quoted,
35,2026-10-09,Hippo,Volkswagen Polo,GP 1.4 Trendline,2020,Comprehensive,1st for Women,2063,7950,Quoted,
36,2026-10-09,Hippo,Volkswagen Polo,GP 1.4 Trendline,2020,Comprehensive,Virseker,2235,7950,Quoted,
37,2026-10-09,Hippo,Volkswagen Polo,GP 1.4 Trendline,2020,Comprehensive,Iwyze,1545,6200,Quoted,
38,2026-10-09,Hippo,Volkswagen Polo,GP 1.4 Trendline,2020,Comprehensive,King Price,,,Not recorded,Not captured in screenshots
39,2026-10-09,Hippo,Volkswagen Polo,GP 1.4 Trendline,2020,Comprehensive,Momentum Insure,1879,6000,Quoted,
40,2026-10-09,Hippo,Volkswagen Polo,GP 1.4 Trendline,2020,Comprehensive,Old Mutual,1514,6200,Quoted,Taken from filtered results; identical price under all three filters
41,2026-10-09,Hippo,Volkswagen Polo,GP 1.4 Trendline,2020,"3rd Party, Fire & Theft",Absa,,,N/A,No quote returned
42,2026-10-09,Hippo,Volkswagen Polo,GP 1.4 Trendline,2020,"3rd Party, Fire & Theft",Auto & General,316,5000,Quoted,
43,2026-10-09,Hippo,Volkswagen Polo,GP 1.4 Trendline,2020,"3rd Party, Fire & Theft",Budget Insurance,,,Not recorded,Not visible in captured results
44,2026-10-09,Hippo,Volkswagen Polo,GP 1.4 Trendline,2020,"3rd Party, Fire & Theft",Dialdirect,324,5000,Quoted,
45,2026-10-09,Hippo,Volkswagen Polo,GP 1.4 Trendline,2020,"3rd Party, Fire & Theft",1st for Women,329,5000,Quoted,
46,2026-10-09,Hippo,Volkswagen Polo,GP 1.4 Trendline,2020,"3rd Party, Fire & Theft",Virseker,330,5000,Quoted,
47,2026-10-09,Hippo,Volkswagen Polo,GP 1.4 Trendline,2020,"3rd Party, Fire & Theft",Iwyze,,,N/A,"Comprehensive only, price unchanged by filter"
48,2026-10-09,Hippo,Volkswagen Polo,GP 1.4 Trendline,2020,"3rd Party, Fire & Theft",King Price,634,7500,Quoted,
49,2026-10-09,Hippo,Volkswagen Polo,GP 1.4 Trendline,2020,"3rd Party, Fire & Theft",Momentum Insure,,,N/A,No quote returned
50,2026-10-09,Hippo,Volkswagen Polo,GP 1.4 Trendline,2020,"3rd Party, Fire & Theft",Old Mutual,,,N/A,"Comprehensive only, price unchanged by filter"
51,2026-10-09,Hippo,Volkswagen Polo,GP 1.4 Trendline,2020,3rd Party Only,Absa,,,N/A,No quote returned
52,2026-10-09,Hippo,Volkswagen Polo,GP 1.4 Trendline,2020,3rd Party Only,Auto & General,180,5000,Quoted,
53,2026-10-09,Hippo,Volkswagen Polo,GP 1.4 Trendline,2020,3rd Party Only,Budget Insurance,176,5000,Quoted,
54,2026-10-09,Hippo,Volkswagen Polo,GP 1.4 Trendline,2020,3rd Party Only,Dialdirect,191,5000,Quoted,
55,2026-10-09,Hippo,Volkswagen Polo,GP 1.4 Trendline,2020,3rd Party Only,1st for Women,182,5000,Quoted,
56,2026-10-09,Hippo,Volkswagen Polo,GP 1.4 Trendline,2020,3rd Party Only,Virseker,177,5000,Quoted,
57,2026-10-09,Hippo,Volkswagen Polo,GP 1.4 Trendline,2020,3rd Party Only,Iwyze,,,N/A,"Comprehensive only, price unchanged by filter"
58,2026-10-09,Hippo,Volkswagen Polo,GP 1.4 Trendline,2020,3rd Party Only,King Price,275,7500,Quoted,
59,2026-10-09,Hippo,Volkswagen Polo,GP 1.4 Trendline,2020,3rd Party Only,Momentum Insure,,,N/A,No quote returned
60,2026-10-09,Hippo,Volkswagen Polo,GP 1.4 Trendline,2020,3rd Party Only,Old Mutual,,,N/A,"Comprehensive only, price unchanged by filter"
61,2026-10-10,Hippo,Suzuki Swift,1.4 T Sport,2020,Comprehensive,Absa,2031,4000,Quoted,
62,2026-10-10,Hippo,Suzuki Swift,1.4 T Sport,2020,Comprehensive,Auto & General,,,N/A,No quote returned
63,2026-10-10,Hippo,Suzuki Swift,1.4 T Sport,2020,Comprehensive,Budget Insurance,,,N/A,No quote returned
64,2026-10-10,Hippo,Suzuki Swift,1.4 T Sport,2020,Comprehensive,Dialdirect,,,N/A,No quote returned
65,2026-10-10,Hippo,Suzuki Swift,1.4 T Sport,2020,Comprehensive,1st for Women,,,N/A,No quote returned
66,2026-10-10,Hippo,Suzuki Swift,1.4 T Sport,2020,Comprehensive,Virseker,,,N/A,No quote returned
67,2026-10-10,Hippo,Suzuki Swift,1.4 T Sport,2020,Comprehensive,Iwyze,,,N/A,"Quoted R2,374 / excess R6,200 in an earlier run on 2026-10-09; absent in the re-run"
68,2026-10-10,Hippo,Suzuki Swift,1.4 T Sport,2020,Comprehensive,King Price,3419,7500,Quoted,
69,2026-10-10,Hippo,Suzuki Swift,1.4 T Sport,2020,Comprehensive,Momentum Insure,2144,6000,Quoted,
70,2026-10-10,Hippo,Suzuki Swift,1.4 T Sport,2020,Comprehensive,Old Mutual,2471,6200,Quoted,
71,2026-10-10,Hippo,Suzuki Swift,1.4 T Sport,2020,"3rd Party, Fire & Theft",Absa,,,N/A,No quote returned
72,2026-10-10,Hippo,Suzuki Swift,1.4 T Sport,2020,"3rd Party, Fire & Theft",Auto & General,,,N/A,No quote returned
73,2026-10-10,Hippo,Suzuki Swift,1.4 T Sport,2020,"3rd Party, Fire & Theft",Budget Insurance,,,N/A,No quote returned
74,2026-10-10,Hippo,Suzuki Swift,1.4 T Sport,2020,"3rd Party, Fire & Theft",Dialdirect,,,N/A,No quote returned
75,2026-10-10,Hippo,Suzuki Swift,1.4 T Sport,2020,"3rd Party, Fire & Theft",1st for Women,,,N/A,No quote returned
76,2026-10-10,Hippo,Suzuki Swift,1.4 T Sport,2020,"3rd Party, Fire & Theft",Virseker,,,N/A,No quote returned
77,2026-10-10,Hippo,Suzuki Swift,1.4 T Sport,2020,"3rd Party, Fire & Theft",Iwyze,,,N/A,No quote returned
78,2026-10-10,Hippo,Suzuki Swift,1.4 T Sport,2020,"3rd Party, Fire & Theft",King Price,431,7500,Quoted,
79,2026-10-10,Hippo,Suzuki Swift,1.4 T Sport,2020,"3rd Party, Fire & Theft",Momentum Insure,,,N/A,No quote returned
80,2026-10-10,Hippo,Suzuki Swift,1.4 T Sport,2020,"3rd Party, Fire & Theft",Old Mutual,,,N/A,"Comprehensive only, price unchanged by filter"
81,2026-10-10,Hippo,Suzuki Swift,1.4 T Sport,2020,3rd Party Only,Absa,,,N/A,No quote returned
82,2026-10-10,Hippo,Suzuki Swift,1.4 T Sport,2020,3rd Party Only,Auto & General,,,N/A,No quote returned
83,2026-10-10,Hippo,Suzuki Swift,1.4 T Sport,2020,3rd Party Only,Budget Insurance,,,N/A,No quote returned
84,2026-10-10,Hippo,Suzuki Swift,1.4 T Sport,2020,3rd Party Only,Dialdirect,,,N/A,No quote returned
85,2026-10-10,Hippo,Suzuki Swift,1.4 T Sport,2020,3rd Party Only,1st for Women,,,N/A,No quote returned
86,2026-10-10,Hippo,Suzuki Swift,1.4 T Sport,2020,3rd Party Only,Virseker,,,N/A,No quote returned
87,2026-10-10,Hippo,Suzuki Swift,1.4 T Sport,2020,3rd Party Only,Iwyze,,,N/A,No quote returned
88,2026-10-10,Hippo,Suzuki Swift,1.4 T Sport,2020,3rd Party Only,King Price,290,7500,Quoted,
89,2026-10-10,Hippo,Suzuki Swift,1.4 T Sport,2020,3rd Party Only,Momentum Insure,,,N/A,No quote returned
90,2026-10-10,Hippo,Suzuki Swift,1.4 T Sport,2020,3rd Party Only,Old Mutual,,,N/A,"Comprehensive only, price unchanged by filter"
91,2026-10-10,Hippo,Ford Ranger,2.0D XLT P/U D/C A/T,2020,Comprehensive,Absa,1869,4000,Quoted,
92,2026-10-10,Hippo,Ford Ranger,2.0D XLT P/U D/C A/T,2020,Comprehensive,Auto & General,1957,12200,Quoted,
93,2026-10-10,Hippo,Ford Ranger,2.0D XLT P/U D/C A/T,2020,Comprehensive,Budget Insurance,1925,12450,Quoted,
94,2026-10-10,Hippo,Ford Ranger,2.0D XLT P/U D/C A/T,2020,Comprehensive,Dialdirect,2009,12200,Quoted,
95,2026-10-10,Hippo,Ford Ranger,2.0D XLT P/U D/C A/T,2020,Comprehensive,1st for Women,1991,12200,Quoted,
96,2026-10-10,Hippo,Ford Ranger,2.0D XLT P/U D/C A/T,2020,Comprehensive,Virseker,2136,12200,Quoted,
97,2026-10-10,Hippo,Ford Ranger,2.0D XLT P/U D/C A/T,2020,Comprehensive,Iwyze,1826,6200,Quoted,
98,2026-10-10,Hippo,Ford Ranger,2.0D XLT P/U D/C A/T,2020,Comprehensive,King Price,3225,7500,Quoted,
99,2026-10-10,Hippo,Ford Ranger,2.0D XLT P/U D/C A/T,2020,Comprehensive,Momentum Insure,1610,6000,Quoted,
100,2026-10-10,Hippo,Ford Ranger,2.0D XLT P/U D/C A/T,2020,Comprehensive,Old Mutual,,,N/A,"Not in comprehensive list; appears at R1,864 under 3rd Party Only (see that row)"
101,2026-10-10,Hippo,Ford Ranger,2.0D XLT P/U D/C A/T,2020,"3rd Party, Fire & Theft",Absa,,,N/A,No quote returned
102,2026-10-10,Hippo,Ford Ranger,2.0D XLT P/U D/C A/T,2020,"3rd Party, Fire & Theft",Auto & General,411,5000,Quoted,
103,2026-10-10,Hippo,Ford Ranger,2.0D XLT P/U D/C A/T,2020,"3rd Party, Fire & Theft",Budget Insurance,,5000,Not recorded,Price was animating when captured
104,2026-10-10,Hippo,Ford Ranger,2.0D XLT P/U D/C A/T,2020,"3rd Party, Fire & Theft",Dialdirect,415,5000,Quoted,
105,2026-10-10,Hippo,Ford Ranger,2.0D XLT P/U D/C A/T,2020,"3rd Party, Fire & Theft",1st for Women,425,5000,Quoted,
106,2026-10-10,Hippo,Ford Ranger,2.0D XLT P/U D/C A/T,2020,"3rd Party, Fire & Theft",Virseker,434,5000,Quoted,
107,2026-10-10,Hippo,Ford Ranger,2.0D XLT P/U D/C A/T,2020,"3rd Party, Fire & Theft",Iwyze,,,N/A,"Comprehensive only, price unchanged by filter"
108,2026-10-10,Hippo,Ford Ranger,2.0D XLT P/U D/C A/T,2020,"3rd Party, Fire & Theft",King Price,638,7500,Quoted,
109,2026-10-10,Hippo,Ford Ranger,2.0D XLT P/U D/C A/T,2020,"3rd Party, Fire & Theft",Momentum Insure,,,N/A,No quote returned
110,2026-10-10,Hippo,Ford Ranger,2.0D XLT P/U D/C A/T,2020,"3rd Party, Fire & Theft",Old Mutual,,,N/A,No quote returned
111,2026-10-10,Hippo,Ford Ranger,2.0D XLT P/U D/C A/T,2020,3rd Party Only,Absa,,,N/A,No quote returned
112,2026-10-10,Hippo,Ford Ranger,2.0D XLT P/U D/C A/T,2020,3rd Party Only,Auto & General,207,5000,Quoted,
113,2026-10-10,Hippo,Ford Ranger,2.0D XLT P/U D/C A/T,2020,3rd Party Only,Budget Insurance,,5000,Not recorded,Price was animating when captured
114,2026-10-10,Hippo,Ford Ranger,2.0D XLT P/U D/C A/T,2020,3rd Party Only,Dialdirect,217,5000,Quoted,
115,2026-10-10,Hippo,Ford Ranger,2.0D XLT P/U D/C A/T,2020,3rd Party Only,1st for Women,209,5000,Quoted,
116,2026-10-10,Hippo,Ford Ranger,2.0D XLT P/U D/C A/T,2020,3rd Party Only,Virseker,207,5000,Quoted,
117,2026-10-10,Hippo,Ford Ranger,2.0D XLT P/U D/C A/T,2020,3rd Party Only,Iwyze,,,N/A,"Comprehensive only, price unchanged by filter"
118,2026-10-10,Hippo,Ford Ranger,2.0D XLT P/U D/C A/T,2020,3rd Party Only,King Price,379,7500,Quoted,
119,2026-10-10,Hippo,Ford Ranger,2.0D XLT P/U D/C A/T,2020,3rd Party Only,Momentum Insure,,,N/A,No quote returned
120,2026-10-10,Hippo,Ford Ranger,2.0D XLT P/U D/C A/T,2020,3rd Party Only,Old Mutual,1864,6200,To verify,VERIFY cover type via card arrow; price resembles comprehensive pricing
121,2026-10-10,Hippo,Toyota Corolla,1.6 Quest,2020,Comprehensive,Absa,,,Not recorded,Not captured in comprehensive list
122,2026-10-10,Hippo,Toyota Corolla,1.6 Quest,2020,Comprehensive,Auto & General,,,Not recorded,Not captured in comprehensive list
123,2026-10-10,Hippo,Toyota Corolla,1.6 Quest,2020,Comprehensive,Budget Insurance,,,Not recorded,Not captured in comprehensive list
124,2026-10-10,Hippo,Toyota Corolla,1.6 Quest,2020,Comprehensive,Dialdirect,,,Not recorded,Not captured in comprehensive list
125,2026-10-10,Hippo,Toyota Corolla,1.6 Quest,2020,Comprehensive,1st for Women,,,Not recorded,Not captured in comprehensive list
126,2026-10-10,Hippo,Toyota Corolla,1.6 Quest,2020,Comprehensive,Virseker,,,Not recorded,Not captured in comprehensive list
127,2026-10-10,Hippo,Toyota Corolla,1.6 Quest,2020,Comprehensive,Iwyze,1410,6200,Quoted,
128,2026-10-10,Hippo,Toyota Corolla,1.6 Quest,2020,Comprehensive,King Price,2329,,Quoted,Excess not recorded
129,2026-10-10,Hippo,Toyota Corolla,1.6 Quest,2020,Comprehensive,Momentum Insure,1479,6000,Quoted,
130,2026-10-10,Hippo,Toyota Corolla,1.6 Quest,2020,Comprehensive,Old Mutual,1382,6200,Quoted,
131,2026-10-10,Hippo,Toyota Corolla,1.6 Quest,2020,"3rd Party, Fire & Theft",Absa,,,N/A,No quote returned
132,2026-10-10,Hippo,Toyota Corolla,1.6 Quest,2020,"3rd Party, Fire & Theft",Auto & General,269,4500,Quoted,
133,2026-10-10,Hippo,Toyota Corolla,1.6 Quest,2020,"3rd Party, Fire & Theft",Budget Insurance,263,4500,Quoted,"Budget also showed a separate Bundle 3 at R1,263 (excluded)"
134,2026-10-10,Hippo,Toyota Corolla,1.6 Quest,2020,"3rd Party, Fire & Theft",Dialdirect,278,4500,Quoted,
135,2026-10-10,Hippo,Toyota Corolla,1.6 Quest,2020,"3rd Party, Fire & Theft",1st for Women,281,4500,Quoted,
136,2026-10-10,Hippo,Toyota Corolla,1.6 Quest,2020,"3rd Party, Fire & Theft",Virseker,278,4500,Quoted,
137,2026-10-10,Hippo,Toyota Corolla,1.6 Quest,2020,"3rd Party, Fire & Theft",Iwyze,,,N/A,"Comprehensive only, price unchanged by filter"
138,2026-10-10,Hippo,Toyota Corolla,1.6 Quest,2020,"3rd Party, Fire & Theft",King Price,507,6500,Quoted,
139,2026-10-10,Hippo,Toyota Corolla,1.6 Quest,2020,"3rd Party, Fire & Theft",Momentum Insure,,,N/A,No quote returned
140,2026-10-10,Hippo,Toyota Corolla,1.6 Quest,2020,"3rd Party, Fire & Theft",Old Mutual,,,N/A,"Comprehensive only, price unchanged by filter"
141,2026-10-10,Hippo,Toyota Corolla,1.6 Quest,2020,3rd Party Only,Absa,,,N/A,No quote returned
142,2026-10-10,Hippo,Toyota Corolla,1.6 Quest,2020,3rd Party Only,Auto & General,180,4500,Quoted,
143,2026-10-10,Hippo,Toyota Corolla,1.6 Quest,2020,3rd Party Only,Budget Insurance,175,4500,Quoted,Budget also showed a separate Bundle 1 at R111 (excluded)
144,2026-10-10,Hippo,Toyota Corolla,1.6 Quest,2020,3rd Party Only,Dialdirect,191,4500,Quoted,
145,2026-10-10,Hippo,Toyota Corolla,1.6 Quest,2020,3rd Party Only,1st for Women,181,4500,Quoted,
146,2026-10-10,Hippo,Toyota Corolla,1.6 Quest,2020,3rd Party Only,Virseker,177,4500,Quoted,
147,2026-10-10,Hippo,Toyota Corolla,1.6 Quest,2020,3rd Party Only,Iwyze,,,N/A,No quote returned
148,2026-10-10,Hippo,Toyota Corolla,1.6 Quest,2020,3rd Party Only,King Price,278,6500,Quoted,
149,2026-10-10,Hippo,Toyota Corolla,1.6 Quest,2020,3rd Party Only,Momentum Insure,,,N/A,No quote returned
150,2026-10-10,Hippo,Toyota Corolla,1.6 Quest,2020,3rd Party Only,Old Mutual,,,N/A,"Comprehensive only, price unchanged by filter"
